# MNE-Python 1.13.2 standard montage biosemi64, unit sphere
name	x	y	z
Fp1	-0.308828749571	0.950477158362	-0.034899496703
AF7	-0.587427189398	0.808524163081	-0.034899496703
AF3	-0.406246747015	0.871198960409	0.275637355817
F1	-0.286965299242	0.710264039541	0.642787609687
F3	-0.545007445769	0.673028145070	0.500000000000
F5	-0.728993474885	0.633704359672	0.258819045103
F7	-0.808524163081	0.587427189398	-0.034899496703
FT7	-0.950477158362	0.308828749571	-0.034899496703
FC5	-0.887887748106	0.340828173646	0.309016994375
FC3	-0.676377097075	0.359636081875	0.642787609687
FC1	-0.374709505221	0.374709505221	0.848048096156
C1	-0.390731128489	-0.000000000000	0.920504853452
C3	-0.719339800339	-0.000000000000	0.694658370459
C5	-0.933580426497	-0.000000000000	0.358367949545
T7	-0.999390827019	-0.000000000000	-0.034899496703
TP7	-0.950477158362	-0.308828749571	-0.034899496703
CP5	-0.887887748106	-0.340828173646	0.309016994375
CP3	-0.676377097075	-0.359636081875	0.642787609687
CP1	-0.374709505221	-0.374709505221	0.848048096156
P1	-0.286965299242	-0.710264039541	0.642787609687
P3	-0.545007445769	-0.673028145070	0.500000000000
P5	-0.728993474885	-0.633704359672	0.258819045103
P7	-0.808524163081	-0.587427189398	-0.034899496703
P9	-0.733218401847	-0.532714351258	-0.422618261741
PO7	-0.587427189398	-0.808524163081	-0.034899496703
PO3	-0.406246747015	-0.871198960409	0.275637355817
O1	-0.308828749571	-0.950477158362	-0.034899496703
Iz	0.000000000000	-0.906307787037	-0.422618261741
Oz	0.000000000000	-0.999390827019	-0.034899496703
POz	0.000000000000	-0.933580426497	0.358367949545
Pz	0.000000000000	-0.719339800339	0.694658370459
CPz	0.000000000000	-0.390731128489	0.920504853452
Fpz	0.000000000000	0.999390827019	-0.034899496703
Fp2	0.308828749571	0.950477158362	-0.034899496703
AF8	0.587427189398	0.808524163081	-0.034899496703
AF4	0.406246747015	0.871198960409	0.275637355817
AFz	0.000000000000	0.933580426497	0.358367949545
Fz	0.000000000000	0.719339800339	0.694658370459
F2	0.286965299242	0.710264039541	0.642787609687
F4	0.545007445769	0.673028145070	0.500000000000
F6	0.728993474885	0.633704359672	0.258819045103
F8	0.808524163081	0.587427189398	-0.034899496703
FT8	0.950477158362	0.308828749571	-0.034899496703
FC6	0.887887748106	0.340828173646	0.309016994375
FC4	0.676377097075	0.359636081875	0.642787609687
FC2	0.374709505221	0.374709505221	0.848048096156
FCz	0.000000000000	0.390731128489	0.920504853452
Cz	0.000000000000	0.000000000000	1.000000000000
C2	0.390731128489	0.000000000000	0.920504853452
C4	0.719339800339	0.000000000000	0.694658370459
C6	0.933580426497	0.000000000000	0.358367949545
T8	0.999390827019	0.000000000000	-0.034899496703
TP8	0.950477158362	-0.308828749571	-0.034899496703
CP6	0.887887748106	-0.340828173646	0.309016994375
CP4	0.676377097075	-0.359636081875	0.642787609687
CP2	0.374709505221	-0.374709505221	0.848048096156
P2	0.286965299242	-0.710264039541	0.642787609687
P4	0.545007445769	-0.673028145070	0.500000000000
P6	0.728993474885	-0.633704359672	0.258819045103
P8	0.808524163081	-0.587427189398	-0.034899496703
P10	0.733218401847	-0.532714351258	-0.422618261741
PO8	0.587427189398	-0.808524163081	-0.034899496703
PO4	0.406246747015	-0.871198960409	0.275637355817
O2	0.308828749571	-0.950477158362	-0.034899496703
