# OpenNeuro ds003775 v1.2.1, doi:10.18112/openneuro.ds003775.v1.2.1, CC0; git mirror commit cb354b249827d17fa0575b2b42521ba25982c16b
# channel order: Fp1,AF7,AF3,F1,F3,F5,F7,FT7,FC5,FC3,FC1,C1,C3,C5,T7,TP7,CP5,CP3,CP1,P1,P3,P5,P7,P9,PO7,PO3,O1,Iz,Oz,POz,Pz,CPz,Fpz,Fp2,AF8,AF4,AFz,Fz,F2,F4,F6,F8,FT8,FC6,FC4,FC2,FCz,Cz,C2,C4,C6,T8,TP8,CP6,CP4,CP2,P2,P4,P6,P8,P10,PO8,PO4,O2
recording	subject	session	n_bad	bad_channels
sub-001_ses-t1	sub-001	ses-t1	2	P10,PO8
sub-002_ses-t1	sub-002	ses-t1	4	T7,P9,T8,PO4
sub-002_ses-t2	sub-002	ses-t2	10	T7,TP7,P9,POz,Pz,F4,F6,C4,P2,P10
sub-003_ses-t1	sub-003	ses-t1	30	AF7,F5,F7,FT7,FC5,C5,T7,TP7,CP5,P5,P7,P9,PO7,O1,Iz,AF8,F6,F8,FT8,FC6,C6,T8,TP8,CP6,P2,P6,P8,P10,PO8,O2
sub-003_ses-t2	sub-003	ses-t2	6	F5,TP7,P5,P7,P9,PO7
sub-004_ses-t1	sub-004	ses-t1	0	
sub-005_ses-t1	sub-005	ses-t1	3	FC3,CP3,P9
sub-005_ses-t2	sub-005	ses-t2	3	C3,P9,POz
sub-006_ses-t1	sub-006	ses-t1	7	PO3,Iz,F8,Cz,P2,P4,PO4
sub-007_ses-t1	sub-007	ses-t1	15	AF7,F7,FT7,FC5,C5,T7,P9,Iz,Fpz,AF8,F8,FT8,T8,P10,PO4
sub-007_ses-t2	sub-007	ses-t2	15	Fp1,AF7,T7,CP3,P9,Oz,Fp2,AF8,F8,CP6,P4,P6,P8,P10,O2
sub-008_ses-t1	sub-008	ses-t1	6	Fp1,P9,Oz,Fpz,Fp2,AF8
sub-009_ses-t1	sub-009	ses-t1	16	AF7,FT7,P9,Oz,Fp2,AF8,AF4,F2,F4,F6,F8,FT8,FC2,C6,T8,CP2
sub-010_ses-t1	sub-010	ses-t1	4	AF7,CP1,C6,P8
sub-011_ses-t1	sub-011	ses-t1	7	AF7,FT7,FC5,P9,AF4,P2,P10
sub-011_ses-t2	sub-011	ses-t2	4	FC5,PO3,F6,P10
sub-012_ses-t1	sub-012	ses-t1	1	CP6
sub-013_ses-t1	sub-013	ses-t1	6	F3,FC3,CP5,F4,C4,O2
sub-014_ses-t1	sub-014	ses-t1	22	AF7,P1,P7,P9,PO7,PO3,O1,Iz,Oz,POz,Pz,F2,F4,FC6,C6,TP8,P2,P6,P10,PO8,PO4,O2
sub-015_ses-t1	sub-015	ses-t1	24	AF7,F7,FT7,T7,P5,P9,PO7,PO3,O1,Iz,Oz,POz,Fpz,Fp2,AF8,AF4,F8,TP8,P6,P8,P10,PO8,PO4,O2
sub-016_ses-t1	sub-016	ses-t1	5	FC5,C3,C5,CP5,F2
sub-017_ses-t1	sub-017	ses-t1	21	F7,FT7,FC5,FC1,C1,C3,C5,T7,TP7,CP3,P1,P7,P9,PO7,O1,Iz,Oz,C6,P8,P10,PO4
sub-018_ses-t1	sub-018	ses-t1	16	FC5,C5,T7,CP5,P3,P5,P7,O1,Iz,FT8,T8,TP8,P8,P10,PO8,O2
sub-019_ses-t1	sub-019	ses-t1	3	P9,Iz,P10
sub-020_ses-t1	sub-020	ses-t1	19	T7,TP7,CP5,P5,P7,P9,PO7,PO3,O1,Iz,Oz,POz,F8,T8,TP8,CP2,P8,P10,O2
sub-020_ses-t2	sub-020	ses-t2	10	FT7,TP7,P9,Pz,TP8,P2,P8,P10,PO8,PO4
sub-021_ses-t1	sub-021	ses-t1	4	P7,Oz,P2,P10
sub-021_ses-t2	sub-021	ses-t2	15	F1,F3,F5,FC5,FC3,CP5,P5,P9,F4,T8,TP8,P2,P8,P10,PO8
sub-022_ses-t1	sub-022	ses-t1	0	
sub-023_ses-t1	sub-023	ses-t1	28	Fp1,AF7,AF3,F1,F3,F5,F7,FT7,FC3,FC1,T7,TP7,CP3,P7,P9,PO7,Iz,Oz,AF8,F6,F8,FT8,T8,TP8,P2,P10,PO8,PO4
sub-024_ses-t1	sub-024	ses-t1	6	T7,PO3,P2,P4,P6,PO4
sub-025_ses-t1	sub-025	ses-t1	0	
sub-026_ses-t1	sub-026	ses-t1	0	
sub-026_ses-t2	sub-026	ses-t2	2	TP7,O1
sub-027_ses-t1	sub-027	ses-t1	1	P6
sub-027_ses-t2	sub-027	ses-t2	8	F3,P1,Pz,AF8,FC4,FC2,C2,P2
sub-028_ses-t1	sub-028	ses-t1	14	CP5,Iz,POz,Pz,AF4,F6,F8,FT8,FC6,T8,TP8,P2,P4,PO4
sub-028_ses-t2	sub-028	ses-t2	1	PO7
sub-029_ses-t1	sub-029	ses-t1	22	Fp1,AF7,F5,F7,FT7,T7,TP7,P7,P9,PO7,PO3,Iz,Fpz,Fp2,AF8,F6,F8,C2,T8,TP8,CP4,P10
sub-030_ses-t1	sub-030	ses-t1	4	C1,P3,P5,POz
sub-030_ses-t2	sub-030	ses-t2	6	Fp1,AF7,P9,Iz,AF8,AF4
sub-031_ses-t1	sub-031	ses-t1	6	P7,PO3,TP8,P4,P10,PO8
sub-032_ses-t1	sub-032	ses-t1	3	FC5,P4,P10
sub-032_ses-t2	sub-032	ses-t2	0	
sub-033_ses-t1	sub-033	ses-t1	6	FT7,FC5,C3,P9,FT8,CP6
sub-034_ses-t1	sub-034	ses-t1	10	FC5,P7,PO7,FT8,FC4,C6,T8,TP8,P8,P10
sub-035_ses-t1	sub-035	ses-t1	0	
sub-036_ses-t1	sub-036	ses-t1	4	P9,PO7,Fp2,AF8
sub-037_ses-t1	sub-037	ses-t1	3	AF7,FC2,T8
sub-038_ses-t1	sub-038	ses-t1	2	FC3,F4
sub-038_ses-t2	sub-038	ses-t2	5	F3,FT7,P3,Fpz,FT8
sub-039_ses-t1	sub-039	ses-t1	31	Fp1,AF7,FC3,FC1,C1,T7,TP7,P7,P9,PO7,Iz,CPz,Fpz,F2,F4,FT8,FC2,FCz,C4,T8,TP8,CP6,CP4,CP2,P4,P6,P8,P10,PO8,PO4,O2
sub-040_ses-t1	sub-040	ses-t1	9	AF7,F5,F7,FC3,P1,PO3,Iz,POz,PO8
sub-041_ses-t1	sub-041	ses-t1	3	F5,TP7,P8
sub-042_ses-t1	sub-042	ses-t1	3	FC6,T8,PO8
sub-042_ses-t2	sub-042	ses-t2	3	FC5,C6,CP6
sub-043_ses-t1	sub-043	ses-t1	18	F7,FT7,FC5,TP7,P9,AF8,F6,F8,FT8,FC6,FC4,C4,C6,T8,TP8,CP6,P2,P10
sub-043_ses-t2	sub-043	ses-t2	27	F5,F7,FT7,FC5,FC3,C3,C5,T7,TP7,CP5,P9,PO7,AF8,F4,F6,F8,FT8,FC6,FC4,C4,C6,T8,TP8,CP6,P8,P10,PO8
sub-044_ses-t1	sub-044	ses-t1	11	AF7,F7,P1,P9,Iz,Fpz,Fp2,AFz,F4,TP8,P2
sub-045_ses-t1	sub-045	ses-t1	1	POz
sub-046_ses-t1	sub-046	ses-t1	23	Fp1,AF7,AF3,F3,F5,F7,FT7,FC5,C5,T7,TP7,P7,P9,PO7,Iz,POz,Fpz,Fp2,FC6,T8,TP8,P10,PO4
sub-046_ses-t2	sub-046	ses-t2	6	F5,F7,T7,CP5,P8,P10
sub-047_ses-t1	sub-047	ses-t1	4	F5,FT7,FC5,P9
sub-047_ses-t2	sub-047	ses-t2	1	F7
sub-048_ses-t1	sub-048	ses-t1	12	FT7,FC5,C5,T7,TP7,Pz,AFz,F8,FT8,T8,TP8,CP6
sub-048_ses-t2	sub-048	ses-t2	5	F4,FC6,C6,P4,P6
sub-049_ses-t1	sub-049	ses-t1	1	FC2
sub-050_ses-t1	sub-050	ses-t1	4	Fp1,O1,Fpz,Fp2
sub-051_ses-t1	sub-051	ses-t1	3	C2,C4,CP2
sub-051_ses-t2	sub-051	ses-t2	1	C6
sub-052_ses-t1	sub-052	ses-t1	7	F5,F7,FC5,TP7,P9,Fp2,F6
sub-053_ses-t1	sub-053	ses-t1	9	P9,PO7,Iz,Oz,POz,Pz,F4,F6,PO4
sub-054_ses-t1	sub-054	ses-t1	0	
sub-055_ses-t1	sub-055	ses-t1	0	
sub-056_ses-t1	sub-056	ses-t1	1	POz
sub-057_ses-t1	sub-057	ses-t1	4	P9,Iz,POz,P2
sub-058_ses-t1	sub-058	ses-t1	1	P6
sub-058_ses-t2	sub-058	ses-t2	1	Fp1
sub-059_ses-t1	sub-059	ses-t1	1	P9
sub-060_ses-t1	sub-060	ses-t1	13	F7,FT7,C5,T7,P3,P5,P9,PO7,Iz,CPz,F8,C6,P10
sub-060_ses-t2	sub-060	ses-t2	0	
sub-061_ses-t1	sub-061	ses-t1	2	FC4,CP4
sub-062_ses-t1	sub-062	ses-t1	9	FT7,FC5,PO7,PO3,O1,Oz,POz,FT8,PO8
sub-063_ses-t1	sub-063	ses-t1	2	FT7,P9
sub-064_ses-t1	sub-064	ses-t1	2	FC1,CP4
sub-064_ses-t2	sub-064	ses-t2	6	F7,Iz,FC2,T8,CP6,PO4
sub-065_ses-t1	sub-065	ses-t1	2	PO7,P10
sub-066_ses-t1	sub-066	ses-t1	16	AF7,AF3,F5,FT7,P3,P5,P9,PO7,O1,Iz,C6,P4,P10,PO8,PO4,O2
sub-067_ses-t1	sub-067	ses-t1	4	FT7,P9,AF8,PO4
sub-068_ses-t1	sub-068	ses-t1	21	F5,F7,FT7,FC3,C5,TP7,P7,PO7,PO3,O1,Iz,Oz,POz,F6,FC6,FC4,T8,TP8,P6,PO8,O2
sub-068_ses-t2	sub-068	ses-t2	9	AF7,O1,Iz,Oz,F4,F6,FT8,FC6,O2
sub-069_ses-t1	sub-069	ses-t1	2	FC1,T8
sub-069_ses-t2	sub-069	ses-t2	1	F3
sub-070_ses-t1	sub-070	ses-t1	0	
sub-070_ses-t2	sub-070	ses-t2	1	AF8
sub-071_ses-t1	sub-071	ses-t1	3	F4,P8,PO4
sub-071_ses-t2	sub-071	ses-t2	3	F2,C4,P2
sub-072_ses-t1	sub-072	ses-t1	0	
sub-073_ses-t1	sub-073	ses-t1	11	F1,F3,FC3,FC1,Iz,POz,F6,FT8,FC6,P10,PO4
sub-074_ses-t1	sub-074	ses-t1	10	F7,T7,Iz,Oz,POz,T8,P2,P4,PO4,O2
sub-074_ses-t2	sub-074	ses-t2	2	P7,POz
sub-075_ses-t1	sub-075	ses-t1	5	F5,F7,FT7,P9,F8
sub-075_ses-t2	sub-075	ses-t2	11	F1,F3,F7,FT7,CP5,PO7,AFz,FC2,C4,P8,P10
sub-076_ses-t1	sub-076	ses-t1	3	P1,AFz,P2
sub-076_ses-t2	sub-076	ses-t2	0	
sub-077_ses-t1	sub-077	ses-t1	7	TP7,CP1,P9,PO7,F4,FC2,O2
sub-077_ses-t2	sub-077	ses-t2	2	Fp1,AF7
sub-078_ses-t1	sub-078	ses-t1	1	P2
sub-079_ses-t1	sub-079	ses-t1	1	P9
sub-080_ses-t1	sub-080	ses-t1	0	
sub-081_ses-t1	sub-081	ses-t1	1	F6
sub-082_ses-t1	sub-082	ses-t1	11	T7,CP3,P3,P9,AF4,F4,FC4,FC2,FCz,C4,P10
sub-082_ses-t2	sub-082	ses-t2	1	P10
sub-083_ses-t1	sub-083	ses-t1	16	FT7,FC3,T7,TP7,P7,P9,PO7,Iz,Oz,C6,CP6,P6,P8,P10,PO8,O2
sub-084_ses-t1	sub-084	ses-t1	3	PO3,Iz,AF8
sub-084_ses-t2	sub-084	ses-t2	4	P9,Iz,AF4,F4
sub-085_ses-t1	sub-085	ses-t1	6	FT7,TP7,P1,P7,P9,Iz
sub-085_ses-t2	sub-085	ses-t2	2	CP6,P2
sub-086_ses-t1	sub-086	ses-t1	3	TP7,FC4,TP8
sub-087_ses-t1	sub-087	ses-t1	1	FC5
sub-087_ses-t2	sub-087	ses-t2	36	AF7,AF3,F5,F7,FT7,FC5,T7,TP7,CP5,CP3,CP1,P1,P3,P5,P7,P9,PO7,PO3,O1,Iz,Oz,POz,Pz,F4,F6,F8,FT8,C2,CP2,P2,P4,P6,P8,P10,PO4,O2
sub-088_ses-t1	sub-088	ses-t1	3	P9,F4,PO4
sub-089_ses-t1	sub-089	ses-t1	1	T8
sub-090_ses-t1	sub-090	ses-t1	31	Fp1,F3,F5,FT7,T7,TP7,CP3,P1,P3,P5,P7,P9,PO7,PO3,O1,Iz,Oz,POz,Pz,Fpz,Fp2,AF8,AF4,F8,FCz,CP6,P2,P10,PO8,PO4,O2
sub-091_ses-t1	sub-091	ses-t1	12	AF7,F1,CP1,P1,P7,PO3,Iz,POz,FCz,CP2,PO4,O2
sub-091_ses-t2	sub-091	ses-t2	1	F4
sub-092_ses-t1	sub-092	ses-t1	1	Iz
sub-093_ses-t1	sub-093	ses-t1	0	
sub-094_ses-t1	sub-094	ses-t1	4	CP3,P9,FC2,P10
sub-094_ses-t2	sub-094	ses-t2	3	P9,PO3,P10
sub-095_ses-t1	sub-095	ses-t1	4	TP7,CP3,F6,P10
sub-096_ses-t1	sub-096	ses-t1	8	Fp1,AF7,F7,C5,Fpz,Fp2,T8,P2
sub-097_ses-t1	sub-097	ses-t1	5	Fp1,O1,Iz,F8,P4
sub-097_ses-t2	sub-097	ses-t2	6	F5,F7,F6,F8,FT8,FC6
sub-098_ses-t1	sub-098	ses-t1	10	F3,P9,PO3,O1,Iz,Oz,POz,PO8,PO4,O2
sub-099_ses-t1	sub-099	ses-t1	0	
sub-100_ses-t1	sub-100	ses-t1	13	Fp1,AF7,F7,TP7,Fp2,AF8,F6,F8,FT8,FC6,T8,TP8,P2
sub-101_ses-t1	sub-101	ses-t1	11	AF3,CP5,P7,P9,PO7,FC4,TP8,CP2,P2,P8,P10
sub-101_ses-t2	sub-101	ses-t2	10	Fp1,AF7,F7,C5,AF8,F6,F8,FC6,C6,T8
sub-102_ses-t1	sub-102	ses-t1	11	FC5,P9,Iz,AF4,F4,F6,F8,FC6,FC4,T8,PO4
sub-103_ses-t1	sub-103	ses-t1	5	TP7,P7,PO7,PO3,P8
sub-104_ses-t1	sub-104	ses-t1	14	Fp1,AF7,AF3,F3,F5,F7,P9,Fpz,Fp2,AF8,AF4,AFz,F8,FCz
sub-104_ses-t2	sub-104	ses-t2	20	Fp1,AF7,AF3,F1,F3,F5,F7,FT7,FC5,T7,Fpz,Fp2,AF8,AF4,AFz,Fz,F2,F4,F6,F8
sub-105_ses-t1	sub-105	ses-t1	2	FC3,TP7
sub-105_ses-t2	sub-105	ses-t2	5	P5,P9,TP8,CP4,CP2
sub-106_ses-t1	sub-106	ses-t1	9	Fp1,F1,C5,PO7,PO3,O1,Oz,C4,P8
sub-106_ses-t2	sub-106	ses-t2	10	TP7,CP5,CP3,CP1,P7,P9,PO7,Fp2,C6,CP6
sub-107_ses-t1	sub-107	ses-t1	7	T7,P9,F6,FT8,P8,P10,PO8
sub-108_ses-t1	sub-108	ses-t1	5	T8,TP8,P4,P6,P10
sub-109_ses-t1	sub-109	ses-t1	9	TP7,P9,PO3,O1,Iz,Fp2,AF8,P2,P10
sub-110_ses-t1	sub-110	ses-t1	14	T7,CP5,P5,P9,F6,F8,FT8,TP8,CP6,P2,P4,P10,PO4,O2
sub-110_ses-t2	sub-110	ses-t2	5	P7,P9,PO7,P2,P10
sub-111_ses-t1	sub-111	ses-t1	4	O1,Iz,F4,FC6
